{
  "project_info": {
    "project_number": "346727065818",
    "firebase_url": "https://radiosun-3c3a0-default-rtdb.firebaseio.com",
    "project_id": "radiosun-3c3a0",
    "storage_bucket": "radiosun-3c3a0.appspot.com"
  },
  "client": [
    {
      "client_info": {
        "mobilesdk_app_id": "1:346727065818:android:e3bd900ec2aeed42cedde3",
        "android_client_info": {
          "package_name": "com.example.radiosun"
        }
      },
      "oauth_client": [
        {
          "client_id": "346727065818-ddcqlcvmnh6ek5nm0s6m4d0gjllvja5u.apps.googleusercontent.com",
          "client_type": 1,
          "android_info": {
            "package_name": "com.example.radiosun",
            "certificate_hash": "dfaaf9e659554d053ece291e37c977e64a404524"
          }
        },
        {
          "client_id": "346727065818-j8g8mlkfm1vefq4s7rtjqinjc4rsab71.apps.googleusercontent.com",
          "client_type": 3
        }
      ],
      "api_key": [
        {
          "current_key": "AIzaSyA9ubJISV7yherztnamxLTtTEJViyWe8X8"
        }
      ],
      "services": {
        "appinvite_service": {
          "other_platform_oauth_client": [
            {
              "client_id": "346727065818-j8g8mlkfm1vefq4s7rtjqinjc4rsab71.apps.googleusercontent.com",
              "client_type": 3
            }
          ]
        }
      }
    }
  ],
  "configuration_version": "1"
}