{
  "project_info": {
    "project_number": "346727065818",
    "project_id": "radiosun-3c3a0",
    "storage_bucket": "radiosun-3c3a0.appspot.com"
  },
  "client": [
    {
      "client_info": {
        "mobilesdk_app_id": "1:346727065818:android:f72b0d34058d93a9cedde3",
        "android_client_info": {
          "package_name": "com.example.radiosun"
        }
      },
      "oauth_client": [
        {
          "client_id": "346727065818-j8g8mlkfm1vefq4s7rtjqinjc4rsab71.apps.googleusercontent.com",
          "client_type": 3
        }
      ],
      "api_key": [
        {
          "current_key": "AIzaSyB_XG1ToKBWpqqwZA9dPYU2nm82egEDvOc"
        }
      ],
      "services": {
        "appinvite_service": {
          "other_platform_oauth_client": [
            {
              "client_id": "346727065818-j8g8mlkfm1vefq4s7rtjqinjc4rsab71.apps.googleusercontent.com",
              "client_type": 3
            }
          ]
        }
      }
    }
  ],
  "configuration_version": "1"
}